Categoria,Frecuencia
Restaurants,52268
Food,27781
Shopping,24395
Home Services,14356
Beauty & Spas,14292
Nightlife,12281
Health & Medical,11890
Local Services,11198
Bars,11065
Automotive,10773
Event Planning & Services,9895
Sandwiches,8366
American (Traditional),8139
Active Life,7687
Pizza,7093
Coffee & Tea,6703
Fast Food,6472
Breakfast & Brunch,6239
American (New),6097
Hotels & Travel,5857
Home & Garden,5799
Fashion,5739
Burgers,5636
Arts & Entertainment,5434
Auto Repair,5433
Hair Salons,5046
Nail Salons,4621
Mexican,4600
Italian,4573
Specialty Food,4233
Doctors,3763
Pets,3758
Real Estate,3577
Seafood,3539
Fitness & Instruction,3293
Professional Services,3270
Hair Removal,3239
Desserts,3186
Chinese,3169
Bakeries,3150
Grocery,3139
Salad,3064
Hotels,2977
Chicken Wings,2966
Cafes,2756
Ice Cream & Frozen Yogurt,2657
Caterers,2645
Pet Services,2626
Dentists,2528
Skin Care,2498
Venues & Event Spaces,2480
Tires,2471
Beer,2413
Wine & Spirits,2413
Delis,2393
Oil Change Stations,2356
Waxing,2333
Contractors,2327
Women's Clothing,2184
Massage,2134
Sports Bars,2110
Day Spas,1997
General Dentistry,1993
Education,1936
Flowers & Gifts,1930
Auto Parts & Supplies,1926
Apartments,1921
Convenience Stores,1919
Home Decor,1892
Gyms,1831
Japanese,1830
Pubs,1821
Cocktail Bars,1718
Sushi Bars,1717
Barbeque,1694
Juice Bars & Smoothies,1684
Barbers,1677
Car Dealers,1665
Sporting Goods,1662
Accessories,1639
Drugstores,1630
Cosmetic Dentists,1630
Local Flavor,1604
Furniture Stores,1597
Pet Groomers,1549
Asian Fusion,1547
Cosmetics & Beauty Supply,1544
Jewelry,1525
Steakhouses,1506
Diners,1494
Financial Services,1487
Trainers,1460
Hair Stylists,1459
Arts & Crafts,1440
Department Stores,1430
Electronics,1422
Veterinarians,1383
Massage Therapy,1357
Pet Sitting,1356
Eyelash Service,1278
Men's Clothing,1273
Food Trucks,1273
Mediterranean,1263
Body Shops,1229
Public Services & Government,1216
Heating & Air Conditioning/HVAC,1199
Lounges,1194
Wine Bars,1192
IT Services & Computer Repair,1189
Vegetarian,1158
Laundry Services,1149
Medical Centers,1131
Optometrists,1112
Plumbing,1111
Gas Stations,1106
Music Venues,1104
Donuts,1097
Dry Cleaning & Laundry,1075
Party & Event Planning,1073
Soup,1061
Food Delivery Services,1050
Pet Stores,1043
Tacos,1020
Shoe Stores,1018
Eyewear & Opticians,1016
Southern,988
Parks,984
Mags,975
Music & Video,975
Books,975
Makeup Artists,973
Thai,971
Car Wash,960
Florists,955
Building Supplies,954
Mobile Phones,952
Movers,948
Yoga,938
Specialty Schools,932
Cajun/Creole,923
Tex-Mex,919
Auto Detailing,906
Landscaping,896
Nurseries & Gardening,892
Appliances,872
Beer Bar,870
Discount Store,868
Breweries,863
Transportation,858
Vegan,856
Vietnamese,852
Home Cleaning,850
Tours,842
Sewing & Alterations,842
Indian,838
Men's Hair Salons,828
Latin American,810
Chicken Shop,808
Appliances & Repair,800
Real Estate Services,800
Gift Shops,796
Self Storage,795
Shipping Centers,792
Hardware Stores,792
Printing Services,790
Art Galleries,786
Medical Spas,781
Greek,779
Gluten-Free,777
Hot Dogs,774
Kitchen & Bath,763
Property Management,759
Vintage & Consignment,753
Used,753
Oral Surgeons,752
Banks & Credit Unions,749
Comfort Food,746
Bagels,738
Auto Glass Services,727
Chiropractors,726
Wedding Planning,709
Endodontists,706
Towing,692
Tobacco Shops,691
Car Rental,670
Tanning,667
Orthodontists,660
Ethnic Food,658
Transmission Repair,639
Antiques,638
Dive Bars,636
Mattresses,630
Hair Extensions,624
Buffets,622
Flooring,621
Cheesesteaks,614
Thrift Stores,610
Tattoo,609
Health Markets,601
Caribbean,590
Middle Eastern,588
Performing Arts,581
Sports Wear,574
Real Estate Agents,565
Physical Therapy,561
Tree Services,561
Pet Training,561
Water Heater Installation/Repair,557
Bridal,555
Hobby Shops,552
Meat Shops,552
Urgent Care,541
Soul Food,539
Fruits & Veggies,532
Pediatric Dentists,528
Carpet Cleaning,526
Mobile Phone Repair,525
Toy Stores,518
Notaries,516
Gastropubs,513
Interior Design,509
Photographers,507
French,503
Pest Control,503
Community Service/Non-Profit,503
Family Practice,503
Electronics Repair,503
Pharmacy,503
Farmers Market,498
Korean,497
Golf,494
Electricians,489
Bubble Tea,477
Vape Shops,469
Roofing,468
Mobile Phone Accessories,468
Diagnostic Services,467
Photography Stores & Services,466
Periodontists,464
Bikes,463
Blow Dry/Out Services,456
Eyebrow Services,454
Dance Clubs,447
Windows Installation,447
Painters,446
Children's Clothing,445
Festivals,442
Weight Loss Centers,441
Tapas/Small Plates,440
Nutritionists,439
Used Car Dealers,436
Pet Boarding,425
Acupuncture,424
Food Stands,423
Cupcakes,422
Ophthalmologists,421
Child Care & Day Care,416
Bookstores,416
Museums,413
Reflexology,411
Insurance,403
Junk Removal & Hauling,401
Telecommunications,397
Hospitals,395
Laser Hair Removal,394
Noodles,382
Dry Cleaning,382
Arcades,378
Permanent Makeup,377
Office Cleaning,373
Outdoor Gear,369
Piercing,368
Kids Activities,367
Cosmetic Surgeons,367
Mortgage Brokers,363
Masonry/Concrete,363
Lawyers,363
Halal,362
Cinema,359
Street Vendors,357
Session Photography,357
Candy Stores,356
Handyman,356
Internet Service Providers,356
Damage Restoration,353
Windshield Installation & Repair,352
Jewelry Repair,347
Preschools,344
Wineries,342
Mailbox Centers,339
Computers,339
Chocolatiers & Shops,339
Seafood Markets,337
Boot Camps,337
Lighting Fixtures & Equipment,336
Dermatologists,336
Spray Tanning,332
Watches,329
Airport Shuttles,328
Post Offices,327
Karaoke,325
Event Photography,325
Bed & Breakfast,324
Keys & Locksmiths,323
Gutter Services,320
Nail Technicians,320
Couriers & Delivery Services,317
Sports Clubs,314
Pressure Washers,313
Obstetricians & Gynecologists,311
Art Supplies,311
Auto Customization,311
Wraps,310
Party Supplies,309
Carpeting,304
Wheel & Rim Repair,303
Landmarks & Historical Buildings,302
Pool & Hot Tub Service,301
Shopping Centers,297
Bike Rentals,296
Custom Cakes,296
Pilates,294
Limos,293
Organic Stores,292
Sports Medicine,289
Boating,287
Security Systems,287
Spanish,286
Home Inspectors,286
Religious Organizations,286
Dog Walkers,284
Cuban,283
Amusement Parks,279
Formal Wear,279
Swimming Pools,278
Coffee Roasteries,278
Musical Instruments & Teachers,277
Door Sales/Installation,277
Wholesale Stores,274
Bike Repair/Maintenance,273
Laboratory Testing,272
Shaved Ice,272
Air Duct Cleaning,271
Travel Services,270
Packing Services,269
Acai Bowls,268
Playgrounds,266
Shades & Blinds,266
Martial Arts,265
Office Equipment,261
Canadian (New),261
Hot Tub & Pool,257
Floral Designers,256
Shoe Repair,256
Gardeners,254
Vitamins & Supplements,253
Pediatricians,252
Cards & Stationery,252
Taxis,250
Car Stereo Installation,245
Guns & Ammo,245
Recreation Centers,244
Parking,243
Baby Gear & Furniture,242
Watch Repair,241
Art Classes,241
Landscape Architects,239
Graphic Design,238
Tiling,236
Hookah Bars,235
Summer Camps,232
Window Washing,232
Music & DVDs,232
Car Window Tinting,228
Pakistani,228
Tea Rooms,228
Tapas Bars,226
Motorcycle Dealers,226
Counseling & Mental Health,225
Orthopedists,225
Ramen,223
Elementary Schools,222
Glass & Mirrors,222
Rehabilitation Center,222
Naturopathic/Holistic,221
Smog Check Stations,220
Internal Medicine,218
Adult Entertainment,218
Churches,218
Cabinetry,216
Irish,215
Hiking,211
Poke,210
Irrigation,207
Pool Cleaners,207
Libraries,207
Truck Rental,206
International Grocery,205
Motorcycle Repair,204
Signmaking,204
Interval Training Gyms,203
Fish & Chips,202
Lingerie,201
Reiki,201
Imported Food,201
Head Shops,201
Dance Studios,201
Fences & Gates,200
Laundromat,198
Auto Insurance,198
Medical Supplies,197
Gelato,197
Framing,197
Bowling,195
Party Equipment Rentals,194
Pasta Shops,193
Laser Eye Surgery/Lasik,191
Waffles,190
Videos & Video Game Rental,186
Brewpubs,186
Hawaiian,185
Beer Gardens,185
Butcher,182
Outlet Stores,182
Siding,180
Financial Advising,179
Jazz & Blues,178
Colleges & Universities,177
Diagnostic Imaging,176
Fabric Stores,175
Auto Loan Providers,175
Escape Games,175
Musical Instrument Services,174
Traditional Chinese Medicine,174
Resorts,173
Garage Door Services,172
Pool Halls,171
Dog Parks,170
Packing Supplies,170
Pet Adoption,168
Funeral Services & Cemeteries,166
Personal Shopping,166
Creperies,165
Furniture Reupholstery,163
Roadside Assistance,163
Snow Removal,162
Recycling Center,161
Home Window Tinting,159
Television Service Providers,159
Fishing,158
Barre Classes,158
Irish Pub,157
Home Organization,157
Mass Media,156
Lawn Services,156
Countertop Installation,155
Threading Services,154
Pretzels,153
Gun/Rifle Ranges,153
Drywall Installation & Repair,151
Rugs,151
Cheese Shops,151
Home & Rental Insurance,150
Animal Shelters,149
Wine Tasting Room,149
Cardio Classes,149
Refinishing Services,148
Comic Books,148
Walk-in Clinics,148
Life Insurance,147
Propane,147
Personal Injury Law,146
Do-It-Yourself Food,145
Internet Cafes,143
Vacation Rentals,143
Vinyl Records,142
Departments of Motor Vehicles,140
Dim Sum,140
Leather Goods,140
Social Clubs,139
Cannabis Clinics,139
Tax Services,139
Home Theatre Installation,138
Costumes,137
Historical Tours,136
Supernatural Readings,136
Team Building Activities,136
Divorce & Family Law,135
Public Transportation,135
Educational Services,135
Gay Bars,135
Carpet Installation,133
Plus Size Fashion,133
Country Clubs,131
Boxing,131
Water Purification Services,131
Modern European,131
Gold Buyers,131
Stadiums & Arenas,130
Life Coach,130
Boat Charters,130
Food Court,130
Tanning Beds,130
Screen Printing/T-Shirt Printing,128
Cannabis Dispensaries,128
Web Design,127
Marketing,127
Party Bus Rentals,127
DJs,127
Rafting/Kayaking,126
Accountants,126
Fireplace Services,125
German,125
Knitting Supplies,124
Podiatrists,124
Surgeons,123
Home Automation,122
Teeth Whitening,122
Beaches,122
Airports,122
Mortgage Lenders,122
University Housing,122
Cycling Classes,122
Data Recovery,121
Paint Stores,118
Adult,118
Airlines,118
Decks & Railing,117
Septic Services,117
Patisserie/Cake Shop,117
Solar Installation,116
Pain Management,116
Personal Chefs,116
Commercial Real Estate,116
Amateur Sports Teams,116
African,115
Casinos,114
Szechuan,114
Chimney Sweeps,113
Souvenir Shops,113
Home Health Care,113
Herbs & Spices,112
New Mexican Cuisine,111
Swimwear,111
Skating Rinks,111
Candle Stores,110
Wine Tours,110
RV Dealers,109
Paint & Sip,109
RV Repair,108
Pawn Shops,108
Filipino,108
Grout Services,106
Carpenters,105
Distilleries,105
Bespoke Clothing,104
Falafel,103
Plastic Surgeons,103
Dance Schools,102
Utilities,102
Donation Center,101
Video Game Stores,100
Walking Tours,100
Meditation Centers,99
Puerto Rican,99
Wildlife Control,99
Occupational Therapy,99
Paddleboarding,98
Waterproofing,98
Fitness/Exercise Equipment,98
Comedy Clubs,97
Retirement Homes,97
Shutters,97
Mini Golf,96
Car Buyers,96
Art Schools,95
Adult Education,95
Body Contouring,94
Cosmetology Schools,93
Cantonese,93
Emergency Rooms,93
Battery Stores,93
Tattoo Removal,92
Cooking Classes,92
Photo Booth Rentals,92
Campgrounds,92
Insulation Installation,92
Criminal Defense Law,91
Advertising,90
Kebab,90
Uniforms,90
Investing,89
Psychiatrists,89
Spiritual Shop,88
Farms,88
Customized Merchandise,88
Live/Raw Food,88
Tennis,87
Motorcycle Gear,87
Video/Film Production,87
Vehicle Wraps,86
Hunting & Fishing Supplies,86
Wigs,86
Whiskey Bars,85
Turkish,85
Donairs,85
RV Parks,85
Guitar Stores,84
Legal Services,84
Lebanese,83
Swimming Lessons/Schools,83
Outdoor Furniture Stores,82
Peruvian,82
Appraisal Services,82
Indoor Playcentre,81
Screen Printing,81
Employment Agencies,81
Radiologists,80
Auto Upholstery,80
Kickboxing,80
Metal Fabricators,80
Ear Nose & Throat,79
General Litigation,79
Registration Services,78
Boat Repair,78
Brazilian,77
Middle Schools & High Schools,77
Taiwanese,77
Tabletop Games,77
Print Media,76
Cooking Schools,76
British,75
Hot Pot,75
Embroidery & Crochet,75
Smokehouse,75
Pop-Up Restaurants,75
Gymnastics,73
Trampoline Parks,73
Emergency Pet Hospital,73
Videographers,73
Kosher,73
Estate Planning Law,73
Generator Installation/Repair,72
Golf Equipment,72
Tiki Bars,72
Orthotics,71
Bus Tours,71
Flea Markets,70
DUI Law,69
Aquariums,69
Pan Asian,69
Colombian,67
Ethiopian,67
Horseback Riding,67
Mountain Biking,66
Allergists,66
Saunas,66
Furniture Assembly,65
Hydro-jetting,65
Commercial Truck Repair,65
TV Mounting,65
Patio Coverings,65
Empanadas,64
Farming Equipment,63
Golf Lessons,62
Food Tours,62
Vocational & Technical School,62
Neurologist,62
Christmas Trees,61
Guest Houses,61
Boat Tours,61
Security Services,61
Perfume,60
Wholesalers,60
Botanical Gardens,60
Driving Schools,60
Salvadoran,60
Business Consulting,60
Climbing,59
Cultural Center,59
Hair Loss Centers,59
Shared Office Spaces,59
Psychics,58
Firearm Training,58
Alternative Medicine,58
Hats,58
Stucco Services,58
Professional Sports Teams,57
Auction Houses,56
Environmental Testing,56
RV Rental,56
Popcorn Shops,55
Tutoring Centers,55
Assisted Living Facilities,55
Business Law,54
Special Education,54
Maternity Wear,54
Town Car Service,53
Cigar Bars,53
Macarons,53
Furniture Repair,53
Axe Throwing,53
Zoos,52
Beverage Store,52
Sleep Specialists,52
Sunglasses,52
Auto Security,52
Home Network Installation,51
Diving,51
Beer Tours,51
Boat Dealers,51
Cardiologists,51
Bartenders,50
Laser Tag,50
Challenge Courses,50
Herbal Shops,50
Float Spa,50
Environmental Abatement,50
Brazilian Jiu-jitsu,49
Employment Law,49
Kids Hair Salons,49
Moroccan,49
Demolition Services,49
Estheticians,48
Venezuelan,48
IV Hydration,48
Service Stations,48
Hostels,48
Laotian,48
Haunted Houses,48
Yelp Events,48
Piano Bars,48
Fertility,47
Art Museums,47
Piano Services,47
Skilled Nursing,47
Brasseries,47
Tui Na,47
Acne Treatment,47
Real Estate Law,47
Brewing Supplies,47
Cafeteria,47
Private Tutors,46
Radio Stations,46
Bankruptcy Law,45
Blood & Plasma Donation Centers,45
Musicians,45
Leisure Centers,45
Aquarium Services,45
Payroll Services,44
Used Bookstore,44
Afghan,44
Home Staging,44
Dominican,44
Tasting Classes,44
Officiants,44
Car Inspectors,44
Midwives,44
Skate Shops,44
Trailer Repair,43
Polish,43
Aestheticians,43
Kombucha,43
Pool & Billiards,43
Dental Hygienists,43
Newspapers & Magazines,42
Foundation Repair,42
Russian,42
Buses,42
Prosthodontists,41
Firewood,41
Circuit Training Gyms,40
Local Fish Stores,40
Ski & Snowboard Shops,40
Hypnosis/Hypnotherapy,40
Vehicle Shipping,40
Persian/Iranian,40
Luggage,40
Grilling Equipment,40
Lighting Stores,40
Holiday Decorations,40
Gastroenterologist,39
Hospice,39
Day Camps,39
Basque,39
Sugaring,39
Roof Inspectors,39
Farm Equipment Repair,39
Marinas,39
CSA,39
Excavation Services,38
& Probates,38
Pet Transportation,38
Teppanyaki,38
Go Karts,38
Wills,38
Mobile Dent Repair,38
Trusts,38
Fire Protection Services,38
Osteopathic Physicians,38
Check Cashing/Pay-day Loans,38
Henna Artists,38
Livestock Feed & Supply,38
Estate Liquidation,37
Trailer Dealers,37
Cryotherapy,37
Boudoir Photography,37
Travel Agents,37
Olive Oil,37
Clothing Rental,37
Paint-Your-Own Pottery,37
Pet Cremation Services,37
Pet Hospice,37
Train Stations,36
Audiologist,36
Recording & Rehearsal Studios,36
Race Tracks,36
Archery,36
Mongolian,36
Arabic,36
Wedding Chapels,36
Police Departments,35
Dinner Theater,35
Shoe Shine,35
Awnings,35
Workers Compensation Law,35
Career Counseling,35
Engraving,35
Rock Climbing,35
Argentine,34
Scuba Diving,34
Dumpster Rental,34
Jet Skis,34
Strip Clubs,34
Health Coach,33
Test Preparation,33
Bistros,33
Prenatal/Perinatal Care,33
Portuguese,33
Paintball,33
Psychologists,33
Spine Surgeons,32
Balloon Services,32
Real Estate Photography,32
Urologists,32
Bike tours,32
Community Centers,32
Soccer,32
Ethnic Grocery,32
Wine Tasting Classes,31
Pop-up Shops,31
Television Stations,31
Doulas,31
Gemstones & Minerals,31
Knife Sharpening,31
Commercial Truck Dealers,31
Lakes,30
Malaysian,30
Self-defense Classes,30
Delicatessen,30
Speakeasies,30
Surfing,30
Personal Assistants,29
Ticket Sales,29
Mobility Equipment Sales & Services,29
Water Delivery,29
Pumpkin Patches,29
Pole Dancing Classes,29
Cremation Services,29
Kitchen Supplies,28
Themed Cafes,28
Bookkeepers,28
Airport Lounges,28
Eatertainment,28
Psychic Mediums,28
Horse Boarding,28
Trailer Rental,28
Skate Parks,28
Gunsmith,27
CPR Classes,27
Hearing Aid Providers,27
High Fidelity Audio Equipment,27
Condominiums,27
Champagne Bars,27
Fondue,27
Lactation Services,27
Medical Transportation,26
Surf Shop,26
Cabaret,26
Magicians,26
Pick Your Own Farms,26
Poutineries,26
Bar Crawl,26
Machine & Tool Rental,26
Health Retreats,25
Clock Repair,25
Medical Cannabis Referrals,25
Attraction Farms,25
Virtual Reality Centers,25
Batting Cages,25
Restaurant Supplies,25
Endocrinologists,25
Cideries,25
Architects,24
Artificial Turf,24
Face Painting,24
Honduran,24
Karate,24
Water Parks,24
Reproductive Health Services,24
Belgian,24
Shredding Services,24
Public Markets,23
Addiction Medicine,23
Bird Shops,23
Childbirth Education,23
Trophy Shops,23
Outdoor Power Equipment Services,23
Personal Care Services,23
Indonesian,23
Medical Law,23
Religious Items,23
Halotherapy,23
Disc Golf,22
Structural Engineers,22
Oncologist,22
Pet Photography,22
Nurse Practitioner,22
Shaved Snow,22
Races & Competitions,22
Basketball Courts,21
Himalayan/Nepalese,21
House Sitters,21
Dietitians,21
Memory Care,21
Well Drilling,20
Tai Chi,20
Massage Schools,20
Nanny Services,20
Airport Terminals,20
Colonics,20
Public Art,20
Children's Museums,20
Haitian,20
Pulmonologist,20
Muay Thai,20
Music Production Services,19
Health Insurance Offices,19
Powder Coating,19
Courthouses,19
Fingerprinting,19
Motorsport Vehicle Repairs,19
Aerial Fitness,19
Car Share Services,19
Immigration Law,19
Title Loans,19
Speech Therapists,19
Flight Instruction,18
Motorcycle Rental,18
Honey,18
Safe Stores,18
Burmese,18
Art Tours,18
Ukrainian,18
Valet Services,18
Cambodian,18
Party Bike Rentals,18
Skydiving,17
Wallpapering,17
Talent Agencies,17
Vacation Rental Agents,17
Concierge Medicine,17
Trinidadian,17
Shanghainese,17
Hydrotherapy,16
Dive Shops,16
Architectural Tours,16
Egyptian,16
Izakaya,16
Ultrasound Imaging Centers,16
Holistic Animal Care,16
Lice Services,16
Sicilian,16
Passport & Visa Services,16
Pet Breeders,15
Installment Loans,15
Bounce House Rentals,15
Parenting Classes,15
Religious Schools,15
Holiday Decorating Services,15
Armenian,15
Emergency Medicine,15
Crane Services,15
Dance Wear,14
Rolfing,14
Golf Equipment Shops,14
Software Development,14
Vascular Medicine,14
Solar Panel Cleaning,14
First Aid Classes,14
Car Brokers,14
Private Investigation,14
Debt Relief Services,14
Baseball Fields,14
Editorial Services,14
Snorkeling,14
Bangladeshi,14
Pancakes,14
Home Energy Auditors,14
Commissioned Artists,13
Rheumatologists,13
Motorcycle Parts & Supplies,13
Matchmakers,13
Japanese Curry,13
Montessori Schools,13
Reptile Shops,13
Business Financing,13
Scooter Rentals,13
Ski Resorts,13
Tableware,13
Australian,13
Sailing,13
Preventive Medicine,13
Taekwondo,13
Hot Air Balloons,12
Mobile Home Parks,12
Food Banks,12
Ziplining,12
ATV Rentals/Tours,12
Motorsport Vehicle Dealers,12
Aerial Tours,12
Homeowner Association,12
Synagogues,12
Anesthesiologists,12
Piano Stores,12
Tubing,12
Safety Equipment,12
Water Stores,12
Qi Gong,12
Social Security Law,12
Beach Equipment Rentals,12
Audio/Visual Equipment Rental,12
Private Schools,12
Military Surplus,11
Traffic Ticketing Law,11
Country Dance Halls,11
Tax Law,11
Diamond Buyers,11
Scandinavian,11
Prosthetics,11
Trains,11
Home Developers,11
Public Relations,11
Car Auctions,11
Hockey Equipment,11
Photography Classes,11
Glass Blowing,10
Pet Waste Removal,10
Drive-Thru Bars,10
Boat Parts & Supplies,10
Hybrid Car Repair,10
Art Space Rentals,10
Language Schools,10
Bail Bondsmen,10
Horse Racing,10
Clowns,10
Rest Stops,10
Ayurveda,10
Junkyards,10
Iberian,10
Art Restoration,10
Grill Services,10
Opera & Ballet,10
Bartending Schools,10
Machine Shops,10
Digitizing Services,9
Singaporean,9
Party Characters,9
Pet Insurance,9
Mediators,9
Visitor Centers,9
Fireworks,9
Parasailing,9
EV Charging Stations,9
Astrologers,9
Teacher Supplies,9
Public Adjusters,9
Scavenger Hunts,9
Hydroponics,9
Translation Services,9
Syrian,9
Hazardous Waste Disposal,9
Buddhist Temples,8
Cannabis Collective,8
Surf Schools,8
Coffeeshops,8
Flowers,8
Retina Specialists,8
Drive-In Theater,8
Animal Physical Therapy,8
Airsoft,8
Golf Cart Rentals,8
Furniture Rental,8
Petting Zoos,8
Caricatures,8
Scooter Tours,8
Horse Equipment Shops,8
Mobile Home Dealers,8
Bookbinding,8
Uzbek,8
Behavior Analysts,7
Planetarium,7
Taxidermy,7
Whale Watching Tours,7
Observatories,7
Ranches,7
Mobile Home Repair,7
Sandblasting,7
Oxygen Bars,7
Process Servers,7
Tuscan,7
Backflow Services,7
LAN Centers,7
International,7
Elder Care Planning,7
Free Diving,7
Golf Cart Dealers,7
Traditional Clothing,7
Contract Law,7
Senior Centers,6
Placenta Encapsulations,6
Bus Rental,6
Nicaraguan,6
South African,6
Czech,6
Striptease Dancers,6
Indoor Landscaping,6
Carpet Dyeing,6
Senegalese,6
Bike Sharing,6
Hungarian,6
Hong Kong Style Cafe,6
Bicycles,5
Club Crawl,5
Coffee & Tea Supplies,5
Mortuary Services,5
Traffic Schools,5
3D Printing,5
Scottish,5
Immunodermatologists,5
Luggage Storage,5
Drones,5
Austrian,5
Meaderies,5
Land Surveying,5
Billing Services,5
Neurotologists,5
Private Jet Charter,5
Undersea/Hyperbaric Medicine,5
Spin Classes,5
DIY Auto Shop,4
Duplication Services,4
Adoption Services,4
Sex Therapists,4
Bingo Halls,4
Trivia Hosts,4
Racing Experience,4
Hang Gliding,4
Hindu Temples,4
Sports Betting,4
Product Design,4
Pedicabs,4
Fur Clothing,4
Drama Schools,4
Georgian,4
Disability Law,4
Currency Exchange,4
Portable Toilet Services,4
Apartment Agents,4
Gerontologists,4
Bus Stations,4
Proctologists,4
Sardinian,4
Ethical Grocery,4
Aircraft Repairs,4
Tenant and Eviction Law,4
Biohazard Cleanup,4
Phlebologists,4
Chinese Martial Arts,4
Carousels,3
Flyboarding,3
Electricity Suppliers,3
Childproofing,3
Squash,3
Jails & Prisons,3
Game Truck Rental,3
Elder Law,3
Nursing Schools,3
IP & Internet Law,3
Sheds & Outdoor Storage,3
Ice Delivery,3
Oriental,3
Consumer Law,3
Unofficial Yelp Events,3
Badminton,3
Municipality,3
Bike Repair,3
Ferries,3
Crisis Pregnancy Centers,3
Neuropathologists,3
College Counseling,3
Community Gardens,3
Nudist,3
Supper Clubs,3
Elevator Services,3
Embassy,3
Sri Lankan,3
Skiing,3
Playsets,3
Kiteboarding,2
Bicycle Paths,2
Ski Schools,2
Waldorf Schools,2
Concept Shops,2
Nephrologists,2
General Festivals,2
Infectious Disease Specialists,2
Cheerleading,2
Art Consultants,2
Silent Disco,2
Israeli,2
Art Installation,2
Veterans Organizations,2
Otologists,2
Kitchen Incubators,2
Sledding,2
Homeless Shelters,2
Mosques,2
Vocal Coach,2
Fire Departments,2
Calligraphy,2
Cannabis Tours,2
Outdoor Movies,2
Dumplings,2
Somali,2
Bocce Ball,2
Rodeo,2
Cheese Tasting Classes,2
Bike Shop,2
Sports Psychologists,2
Hakka,2
Experiences,2
Sauna Installation & Repair,2
Hotel bar,2
Eastern European,2
Vermouth Bars,1
Aircraft Dealers,1
Hepatologists,1
Paragliding,1
Beer Hall,1
Water Suppliers,1
Sperm Clinic,1
Props,1
Lahmacun,1
Hainan,1
Foot Care,1
Fuzhou,1
Bike Parking,1
Sport Equipment Hire,1
Fuel Docks,1
Osteopaths,1
Parklets,1
Town Hall,1
Pathologists,1
Kiosk,1
Faith-based Crisis Pregnancy Centers,1
Roman,1
Beach Bars,1
DUI Schools,1
Patent Law,1
Housing Cooperatives,1
Stonemasons,1
Halfway Houses,1
Calabrian,1
Parent Cafes,1
Mohels,1
Wildlife Hunting Ranges,1
Bubble Soccer,1
Ceremonial Clothing,1
Pita,1
Serbo Croatian,1
Hospitalists,1
Cucina campana,1
Natural Gas Suppliers,1
Dart Arenas,1
Metal Detector Services,1
Makerspaces,1
Dialysis Clinics,1
Conveyor Belt Sushi,1
Circus Schools,1
Interlock Systems,1
Karaoke Rental,1
Fencing Clubs,1
Donburi,1
Storefront Clinics,1
Aviation Services,1
Animal Assisted Therapy,1
Pickleball,1
Tonkatsu,1
Guamanian,1
Trade Fairs,1
